{
    "FashionMNIST0.6.npz": {
        "test_accuracy": {
            "mean": 0.9439166635274887,
            "std": 0.012789688387375247
        },
        "predicted_transition_matrix": {
            "mean": [
                [
                    0.5431769341230392,
                    0.2536972090601921,
                    0.20312589779496193
                ],
                [
                    0.20295683667063713,
                    0.5784580260515213,
                    0.21858513727784157
                ],
                [
                    0.19456665217876434,
                    0.16972733661532402,
                    0.6357059925794601
                ]
            ],
            "std": [
                [
                    0.036680217888536704,
                    0.0488786688144536,
                    0.03332938783715091
                ],
                [
                    0.009063555679415318,
                    0.037716017352448734,
                    0.03975226757619118
                ],
                [
                    0.03972930831537736,
                    0.04979478673315089,
                    0.06631314041276029
                ]
            ]
        }
    },
    "CIFAR.npz": {
        "test_accuracy": {
            "mean": 0.5630833208560944,
            "std": 0.021960046623844525
        },
        "predicted_transition_matrix": {
            "mean": [
                [
                    0.6755069941282272,
                    0.18677015602588654,
                    0.13772286102175713
                ],
                [
                    0.16247377544641495,
                    0.6714109927415848,
                    0.16611523553729057
                ],
                [
                    0.1439855620265007,
                    0.16159597784280777,
                    0.6944184452295303
                ]
            ],
            "std": [
                [
                    0.024911364463999188,
                    0.020485252999388023,
                    0.010581239341727418
                ],
                [
                    0.019676275994502137,
                    0.05295402533970866,
                    0.03829233711171976
                ],
                [
                    0.020845034707153973,
                    0.020948955439382536,
                    0.02746483068130777
                ]
            ]
        }
    },
    "FashionMNIST0.3.npz": {
        "test_accuracy": {
            "mean": 0.968833327293396,
            "std": 0.0006009229864118296
        },
        "predicted_transition_matrix": {
            "mean": [
                [
                    0.9327591359615326,
                    0.03853161074221134,
                    0.02870922489091754
                ],
                [
                    0.02399257104843855,
                    0.9289690852165222,
                    0.0470383670181036
                ],
                [
                    0.02787395240738988,
                    0.019111307337880135,
                    0.9530147463083267
                ]
            ],
            "std": [
                [
                    0.013163184334184678,
                    0.0027518512923104537,
                    0.010496427722050065
                ],
                [
                    0.0019246777205483088,
                    0.006107922006435198,
                    0.005445778949556336
                ],
                [
                    0.006625666326633209,
                    0.0044120571682165705,
                    0.010249490627422078
                ]
            ]
        }
    }
}