{
    "FashionMNIST0.6.npz": {
        "test_accuracy": {
            "mean": 0.8621666580438614,
            "std": 0.10606458744091049
        },
        "predicted_transition_matrix": {
            "mean": [
                [
                    0.4798436388373375,
                    0.24373336508870125,
                    0.27642299979925156
                ],
                [
                    0.21907570213079453,
                    0.5214473009109497,
                    0.2594769783318043
                ],
                [
                    0.251484040170908,
                    0.22036350518465042,
                    0.5281524583697319
                ]
            ],
            "std": [
                [
                    0.03246808418900272,
                    0.03214158406653842,
                    0.04413337175837601
                ],
                [
                    0.02797228486566479,
                    0.03581705411973171,
                    0.03166954395609408
                ],
                [
                    0.03961626102211433,
                    0.031776765599597995,
                    0.06474012097715272
                ]
            ]
        }
    },
    "CIFAR.npz": {
        "test_accuracy": {
            "mean": 0.5819999873638153,
            "std": 0.008825478014977978
        },
        "predicted_transition_matrix": {
            "mean": [
                [
                    0.6118564009666443,
                    0.24545259773731232,
                    0.1426910050213337
                ],
                [
                    0.1578864585608244,
                    0.6582073122262955,
                    0.18390626087784767
                ],
                [
                    0.13829018361866474,
                    0.16071711853146553,
                    0.7009927034378052
                ]
            ],
            "std": [
                [
                    0.040354793965539225,
                    0.026124746781051537,
                    0.021223259555033156
                ],
                [
                    0.040407374946768396,
                    0.07585080270051742,
                    0.038681253596702374
                ],
                [
                    0.035528620997559275,
                    0.019310834759165597,
                    0.029197603108111196
                ]
            ]
        }
    },
    "FashionMNIST0.3.npz": {
        "test_accuracy": {
            "mean": 0.9686666578054428,
            "std": 0.001247224311653666
        },
        "predicted_transition_matrix": {
            "mean": [
                [
                    0.9444764405488968,
                    0.034909047186374664,
                    0.020614507142454386
                ],
                [
                    0.02151367301121354,
                    0.9377566426992416,
                    0.04072969453409314
                ],
                [
                    0.03173614805564284,
                    0.020979362772777677,
                    0.9472844898700714
                ]
            ],
            "std": [
                [
                    0.014474208271447544,
                    0.012907108061730191,
                    0.0018232739016645343
                ],
                [
                    0.0035432336563643034,
                    0.01273026700411651,
                    0.010270892278498017
                ],
                [
                    0.0008202570480685231,
                    0.00584966384486022,
                    0.0061691177278223805
                ]
            ]
        }
    }
}