{
    "FashionMNIST0.3.npz": {
        "test_accuracy": {
            "mean": 97.46666666666667,
            "std": 0.1666666666666714
        },
        "predicted_transition_matrix": {
            "mean": [
                [
                    1.0,
                    5.1935398204250305e-08,
                    2.4989052604951212e-08
                ],
                [
                    2.621819028547634e-08,
                    0.9998329877853394,
                    0.00016696857346687466
                ],
                [
                    6.841029971837997e-05,
                    7.14345773644709e-08,
                    0.9999315738677979
                ]
            ],
            "std": [
                [
                    5.960464477539063e-08,
                    5.1214367857710386e-08,
                    1.1553176193501713e-08
                ],
                [
                    4.506174278162689e-08,
                    0.0002668031374923885,
                    0.00026677633286453784
                ],
                [
                    7.458175241481513e-05,
                    1.052813090041127e-07,
                    7.453693979186937e-05
                ]
            ]
        }
    },
    "FashionMNIST0.6.npz": {
        "test_accuracy": {
            "mean": 61.016666666666666,
            "std": 10.549999999999997
        },
        "predicted_transition_matrix": {
            "mean": [
                [
                    0.8213498592376709,
                    0.012725510634481907,
                    0.1659245789051056
                ],
                [
                    0.017522940412163734,
                    0.38615062832832336,
                    0.09632644802331924
                ],
                [
                    0.2131657600402832,
                    0.021475104615092278,
                    0.7653591632843018
                ]
            ],
            "std": [
                [
                    0.12425326555967331,
                    0.012603571638464928,
                    0.13651536405086517
                ],
                [
                    0.022200101986527443,
                    0.3861664831638336,
                    0.09685753285884857
                ],
                [
                    0.19074870645999908,
                    0.02277783490717411,
                    0.17029301822185516
                ]
            ]
        }
    },
    "CIFAR.npz": {
        "test_accuracy": {
            "mean": 34.583333333333336,
            "std": 1.25
        },
        "predicted_transition_matrix": {
            "mean": [
                [
                    0.5303570628166199,
                    0.0340801402926445,
                    0.43556278944015503
                ],
                [
                    0.0,
                    0.0,
                    0.0
                ],
                [
                    0.0699182003736496,
                    0.02646159753203392,
                    0.15362019836902618
                ]
            ],
            "std": [
                [
                    0.04617979750037193,
                    0.022726180031895638,
                    0.03198820352554321
                ],
                [
                    0.0,
                    0.0,
                    0.0
                ],
                [
                    0.12110187113285065,
                    0.04583283141255379,
                    0.26607799530029297
                ]
            ]
        }
    }
}