{
    "FashionMNIST0.6.npz": {
        "test_accuracy": {
            "mean": 0.9323333352804184,
            "std": 0.007352239024744725
        },
        "predicted_transition_matrix": {
            "mean": [
                [
                    0.5015517994761467,
                    0.2443557195365429,
                    0.2540924921631813
                ],
                [
                    0.241800956428051,
                    0.5054026618599892,
                    0.25279640033841133
                ],
                [
                    0.27325431257486343,
                    0.21335896104574203,
                    0.5133867263793945
                ]
            ],
            "std": [
                [
                    0.045222099728617064,
                    0.03082291441159913,
                    0.022920799411074493
                ],
                [
                    0.03878718515125144,
                    0.038750389826129376,
                    0.0078045021525866886
                ],
                [
                    0.010242478183342257,
                    0.01857157392415471,
                    0.00876801937631491
                ]
            ]
        }
    },
    "CIFAR.npz": {
        "test_accuracy": {
            "mean": 0.5729999840259552,
            "std": 0.021238077479191868
        },
        "predicted_transition_matrix": {
            "mean": [
                [
                    0.6566382050514221,
                    0.19561251625418663,
                    0.14774927124381065
                ],
                [
                    0.16855154745280743,
                    0.666083425283432,
                    0.1653650365769863
                ],
                [
                    0.17400506511330605,
                    0.14104195684194565,
                    0.6849530041217804
                ]
            ],
            "std": [
                [
                    0.024471853092634086,
                    0.03212861037243055,
                    0.01852638604380099
                ],
                [
                    0.037448755926585926,
                    0.03238686983220023,
                    0.01334303462289308
                ],
                [
                    0.03851097114843146,
                    0.022515785700896386,
                    0.03118600826140748
                ]
            ]
        }
    },
    "FashionMNIST0.3.npz": {
        "test_accuracy": {
            "mean": 0.9693333357572556,
            "std": 0.0013123265813847619
        },
        "predicted_transition_matrix": {
            "mean": [
                [
                    0.9514579474925995,
                    0.02955095609650016,
                    0.018991089891642332
                ],
                [
                    0.02062644250690937,
                    0.929946094751358,
                    0.0494274515658617
                ],
                [
                    0.05599391367286444,
                    0.02168348990380764,
                    0.9223226010799408
                ]
            ],
            "std": [
                [
                    0.0042811074365383985,
                    0.0022471805483839816,
                    0.0032135611726902685
                ],
                [
                    0.004084333090939933,
                    0.009711147816978412,
                    0.007175413909956865
                ],
                [
                    0.02145444052750356,
                    0.008684838280349272,
                    0.03001184684154076
                ]
            ]
        }
    }
}