{
    "FashionMNIST0.6.npz": {
        "test_accuracy": 0.9243333339691162,
        "predicted_transition_matrix": [
            [
                0.4485267400741577,
                0.2936525046825409,
                0.257820725440979
            ],
            [
                0.30337151885032654,
                0.4437340199947357,
                0.25289449095726013
            ],
            [
                0.27640360593795776,
                0.21231220662593842,
                0.5112841129302979
            ]
        ]
    },
    "CIFAR.npz": {
        "test_accuracy": 0.5519999861717224,
        "predicted_transition_matrix": [
            [
                0.6636670231819153,
                0.1589951068162918,
                0.17733784019947052
            ],
            [
                0.1764148622751236,
                0.6549899578094482,
                0.16859522461891174
            ],
            [
                0.1307850331068039,
                0.17988696694374084,
                0.6893280148506165
            ]
        ]
    },
    "FashionMNIST0.3.npz": {
        "test_accuracy": 0.9693333506584167,
        "predicted_transition_matrix": [
            [
                0.9527409672737122,
                0.030661653727293015,
                0.016597367823123932
            ],
            [
                0.02090444788336754,
                0.9190423488616943,
                0.06005315110087395
            ],
            [
                0.04124784469604492,
                0.014629675075411797,
                0.9441224336624146
            ]
        ]
    }
}