{
    "FashionMNIST0.6.npz": {
        "test_accuracy": 0.937333345413208,
        "predicted_transition_matrix": [
            [
                0.494848370552063,
                0.2794758081436157,
                0.22567588090896606
            ],
            [
                0.19599103927612305,
                0.6260024309158325,
                0.17800648510456085
            ],
            [
                0.2472987323999405,
                0.14021162688732147,
                0.6124895811080933
            ]
        ]
    },
    "CIFAR.npz": {
        "test_accuracy": 0.53166663646698,
        "predicted_transition_matrix": [
            [
                0.6376579999923706,
                0.20804287493228912,
                0.1542990803718567
            ],
            [
                0.16041196882724762,
                0.7253574728965759,
                0.11423063278198242
            ],
            [
                0.17843696475028992,
                0.14647693932056427,
                0.6750860810279846
            ]
        ]
    },
    "FashionMNIST0.3.npz": {
        "test_accuracy": 0.968666672706604,
        "predicted_transition_matrix": [
            [
                0.9410871267318726,
                0.037729255855083466,
                0.021183550357818604
            ],
            [
                0.026865525171160698,
                0.9238954186439514,
                0.04923912510275841
            ],
            [
                0.03685234114527702,
                0.026347296312451363,
                0.9368003606796265
            ]
        ]
    }
}