{
    "FashionMNIST0.6.npz": {
        "test_accuracy": 0.9350000023841858,
        "predicted_transition_matrix": [
            [
                0.45596039295196533,
                0.26508793234825134,
                0.2789517045021057
            ],
            [
                0.21243564784526825,
                0.5452202558517456,
                0.24234409630298615
            ],
            [
                0.26658982038497925,
                0.2067834436893463,
                0.5266267657279968
            ]
        ]
    },
    "CIFAR.npz": {
        "test_accuracy": 0.5669999718666077,
        "predicted_transition_matrix": [
            [
                0.6745263338088989,
                0.20739872753620148,
                0.11807484924793243
            ],
            [
                0.1806374341249466,
                0.6260524392127991,
                0.19331014156341553
            ],
            [
                0.11962007731199265,
                0.1926538050174713,
                0.6877260804176331
            ]
        ]
    },
    "FashionMNIST0.3.npz": {
        "test_accuracy": 0.9666666388511658,
        "predicted_transition_matrix": [
            [
                0.9549729824066162,
                0.026684455573558807,
                0.018342483788728714
            ],
            [
                0.026511361822485924,
                0.9187973737716675,
                0.05469129607081413
            ],
            [
                0.031017521396279335,
                0.023111479356884956,
                0.9458709955215454
            ]
        ]
    }
}