{
    "FashionMNIST0.6.npz": {
        "test_accuracy": 0.9300000071525574,
        "predicted_transition_matrix": [
            [
                0.49634408950805664,
                0.24217088520526886,
                0.2614850699901581
            ],
            [
                0.24481016397476196,
                0.5012003183364868,
                0.2539895176887512
            ],
            [
                0.27864640951156616,
                0.20574034750461578,
                0.5156132578849792
            ]
        ]
    },
    "CIFAR.npz": {
        "test_accuracy": 0.5603333115577698,
        "predicted_transition_matrix": [
            [
                0.685032069683075,
                0.1856161504983902,
                0.12935177981853485
            ],
            [
                0.22225214540958405,
                0.6313133835792542,
                0.14643444120883942
            ],
            [
                0.19399593770503998,
                0.12682372331619263,
                0.6791803240776062
            ]
        ]
    },
    "FashionMNIST0.3.npz": {
        "test_accuracy": 0.9676666855812073,
        "predicted_transition_matrix": [
            [
                0.9443504214286804,
                0.03235442191362381,
                0.023295216262340546
            ],
            [
                0.02697443589568138,
                0.9234134554862976,
                0.04961216449737549
            ],
            [
                0.09303795546293259,
                0.03617066517472267,
                0.8707914352416992
            ]
        ]
    }
}