{
    "FashionMNIST0.6.npz": {
        "test_accuracy": 0.9266666769981384,
        "predicted_transition_matrix": [
            [
                0.5981411933898926,
                0.18202170729637146,
                0.21983711421489716
            ],
            [
                0.20342658460140228,
                0.5288034677505493,
                0.267769992351532
            ],
            [
                0.20905977487564087,
                0.25333523750305176,
                0.5376049876213074
            ]
        ]
    },
    "CIFAR.npz": {
        "test_accuracy": 0.5730000138282776,
        "predicted_transition_matrix": [
            [
                0.6687701940536499,
                0.20594242215156555,
                0.12528745830059052
            ],
            [
                0.14925740659236908,
                0.6952982544898987,
                0.15544429421424866
            ],
            [
                0.1402606964111328,
                0.1949860006570816,
                0.664753258228302
            ]
        ]
    },
    "FashionMNIST0.3.npz": {
        "test_accuracy": 0.9679999947547913,
        "predicted_transition_matrix": [
            [
                0.9424281716346741,
                0.03574581816792488,
                0.02182593382894993
            ],
            [
                0.022390594705939293,
                0.9391207695007324,
                0.03848860785365105
            ],
            [
                0.021841373294591904,
                0.018892157822847366,
                0.9592664837837219
            ]
        ]
    }
}