{
    "FashionMNIST0.6.npz": {
        "test_accuracy": 0.875333309173584,
        "predicted_transition_matrix": [
            [
                0.4825764000415802,
                0.2838730216026306,
                0.23355057835578918
            ],
            [
                0.2651156187057495,
                0.4747481346130371,
                0.2601361870765686
            ],
            [
                0.21541771292686462,
                0.2364215850830078,
                0.54816073179245
            ]
        ]
    },
    "CIFAR.npz": {
        "test_accuracy": 0.5896666646003723,
        "predicted_transition_matrix": [
            [
                0.5923676490783691,
                0.27701011300086975,
                0.13062229752540588
            ],
            [
                0.12004554271697998,
                0.6958948969841003,
                0.18405959010124207
            ],
            [
                0.13712288439273834,
                0.15010152757167816,
                0.7127755880355835
            ]
        ]
    },
    "FashionMNIST0.3.npz": {
        "test_accuracy": 0.9699999690055847,
        "predicted_transition_matrix": [
            [
                0.9477103352546692,
                0.03070000186562538,
                0.021589666604995728
            ],
            [
                0.022094499319791794,
                0.9348046779632568,
                0.043100811541080475
            ],
            [
                0.03313087299466133,
                0.025283735245466232,
                0.9415854215621948
            ]
        ]
    }
}