{
    "FashionMNIST0.6.npz": {
        "test_accuracy": 0.9443333148956299,
        "predicted_transition_matrix": [
            [
                0.5733639001846313,
                0.20949722826480865,
                0.2171388864517212
            ],
            [
                0.2176510989665985,
                0.5411838889122009,
                0.24116502702236176
            ],
            [
                0.2558656334877014,
                0.24301880598068237,
                0.501115620136261
            ]
        ]
    },
    "CIFAR.npz": {
        "test_accuracy": 0.5719999670982361,
        "predicted_transition_matrix": [
            [
                0.6175670027732849,
                0.24721963703632355,
                0.13521338999271393
            ],
            [
                0.1573781818151474,
                0.6589162945747375,
                0.18370555341243744
            ],
            [
                0.14441905915737152,
                0.12612949311733246,
                0.7294515371322632
            ]
        ]
    },
    "FashionMNIST0.3.npz": {
        "test_accuracy": 0.968999981880188,
        "predicted_transition_matrix": [
            [
                0.955816924571991,
                0.028906481340527534,
                0.015276569873094559
            ],
            [
                0.015830056741833687,
                0.944305419921875,
                0.039864473044872284
            ],
            [
                0.046041734516620636,
                0.020654158666729927,
                0.9333040714263916
            ]
        ]
    }
}