{
    "FashionMNIST0.6.npz": {
        "test_accuracy": 0.9596666693687439,
        "predicted_transition_matrix": [
            [
                0.5410873889923096,
                0.31339699029922485,
                0.14551566541194916
            ],
            [
                0.2175791710615158,
                0.6014416217803955,
                0.1809791773557663
            ],
            [
                0.18401196599006653,
                0.12545274198055267,
                0.690535306930542
            ]
        ]
    },
    "CIFAR.npz": {
        "test_accuracy": 0.5563333034515381,
        "predicted_transition_matrix": [
            [
                0.7000831961631775,
                0.1620432436466217,
                0.1378736048936844
            ],
            [
                0.1450829952955246,
                0.6810051798820496,
                0.17391180992126465
            ],
            [
                0.13433316349983215,
                0.1635293960571289,
                0.7021374106407166
            ]
        ]
    },
    "FashionMNIST0.3.npz": {
        "test_accuracy": 0.968999981880188,
        "predicted_transition_matrix": [
            [
                0.9373305439949036,
                0.037546392530202866,
                0.025123078376054764
            ],
            [
                0.024619946256279945,
                0.9283710718154907,
                0.04700900986790657
            ],
            [
                0.02119261957705021,
                0.014955040067434311,
                0.9638522863388062
            ]
        ]
    }
}