{
    "FashionMNIST0.6.npz": {
        "test_accuracy": 0.953000009059906,
        "predicted_transition_matrix": [
            [
                0.531741738319397,
                0.22232291102409363,
                0.2459353506565094
            ],
            [
                0.20911887288093567,
                0.5654885768890381,
                0.22539255023002625
            ],
            [
                0.21437673270702362,
                0.17673522233963013,
                0.6088880300521851
            ]
        ]
    },
    "CIFAR.npz": {
        "test_accuracy": 0.5863333344459534,
        "predicted_transition_matrix": [
            [
                0.6155086159706116,
                0.2371913343667984,
                0.1473001092672348
            ],
            [
                0.2126946747303009,
                0.5540906190872192,
                0.23321476578712463
            ],
            [
                0.19565588235855103,
                0.1419418901205063,
                0.6624022722244263
            ]
        ]
    },
    "FashionMNIST0.3.npz": {
        "test_accuracy": 0.968666672706604,
        "predicted_transition_matrix": [
            [
                0.9199602603912354,
                0.056995902210474014,
                0.023043859750032425
            ],
            [
                0.01656295172870159,
                0.9442390203475952,
                0.039197999984025955
            ],
            [
                0.03142101317644119,
                0.010938855819404125,
                0.9576400518417358
            ]
        ]
    }
}