{
    "FashionMNIST0.6.npz": {
        "test_accuracy": 0.9306666851043701,
        "predicted_transition_matrix": [
            [
                0.4879724681377411,
                0.23210225999355316,
                0.27992528676986694
            ],
            [
                0.20137104392051697,
                0.5354924201965332,
                0.2631365656852722
            ],
            [
                0.2821016013622284,
                0.19236448407173157,
                0.52553391456604
            ]
        ]
    },
    "CIFAR.npz": {
        "test_accuracy": 0.6076666712760925,
        "predicted_transition_matrix": [
            [
                0.6602867245674133,
                0.19061917066574097,
                0.14909407496452332
            ],
            [
                0.11816100031137466,
                0.7191140651702881,
                0.16272492706775665
            ],
            [
                0.2268202304840088,
                0.13132764399051666,
                0.6418521404266357
            ]
        ]
    },
    "FashionMNIST0.3.npz": {
        "test_accuracy": 0.9713333249092102,
        "predicted_transition_matrix": [
            [
                0.9529234766960144,
                0.026281267404556274,
                0.020795205608010292
            ],
            [
                0.018796829506754875,
                0.9330231547355652,
                0.04818001762032509
            ],
            [
                0.043648120015859604,
                0.015279460698366165,
                0.9410724639892578
            ]
        ]
    }
}