{
    "FashionMNIST0.6.npz": {
        "test_accuracy": 0.9519999623298645,
        "predicted_transition_matrix": [
            [
                0.5386307835578918,
                0.2398943305015564,
                0.22147493064403534
            ],
            [
                0.19483055174350739,
                0.5575845837593079,
                0.24758489429950714
            ],
            [
                0.13789613544940948,
                0.15990974009037018,
                0.702194094657898
            ]
        ]
    },
    "CIFAR.npz": {
        "test_accuracy": 0.5913333296775818,
        "predicted_transition_matrix": [
            [
                0.6955165863037109,
                0.17105208337306976,
                0.1334313005208969
            ],
            [
                0.1951427310705185,
                0.5839830636978149,
                0.22087420523166656
            ],
            [
                0.12291142344474792,
                0.1413915753364563,
                0.7356970310211182
            ]
        ]
    },
    "FashionMNIST0.3.npz": {
        "test_accuracy": 0.9696666598320007,
        "predicted_transition_matrix": [
            [
                0.9101907014846802,
                0.043104976415634155,
                0.04670433700084686
            ],
            [
                0.02209421806037426,
                0.9244890809059143,
                0.05341672524809837
            ],
            [
                0.03160947561264038,
                0.0162507351487875,
                0.9521398544311523
            ]
        ]
    }
}