{
    "FashionMNIST0.6.npz": {
        "test_accuracy": 0.6853333115577698,
        "predicted_transition_matrix": [
            [
                0.44909602403640747,
                0.2036495953798294,
                0.34725436568260193
            ],
            [
                0.18963266909122467,
                0.500332236289978,
                0.3100350797176361
            ],
            [
                0.3095518946647644,
                0.26151376962661743,
                0.4289343059062958
            ]
        ]
    },
    "CIFAR.npz": {
        "test_accuracy": 0.5849999785423279,
        "predicted_transition_matrix": [
            [
                0.5650230050086975,
                0.26021021604537964,
                0.17476676404476166
            ],
            [
                0.1181681826710701,
                0.7567912936210632,
                0.12504054605960846
            ],
            [
                0.10076189041137695,
                0.15817125141620636,
                0.7410668730735779
            ]
        ]
    },
    "FashionMNIST0.3.npz": {
        "test_accuracy": 0.9693333506584167,
        "predicted_transition_matrix": [
            [
                0.9552621841430664,
                0.025255829095840454,
                0.019482018426060677
            ],
            [
                0.020885879173874855,
                0.953185498714447,
                0.025928670540452003
            ],
            [
                0.031375184655189514,
                0.024583380669355392,
                0.9440414905548096
            ]
        ]
    }
}