{
    "FashionMNIST0.3.npz": {
        "test_accuracy": {
            "mean": 97.8,
            "std": 0.41186117761890384
        },
        "predicted_transition_matrix": {
            "mean": [
                [
                    1.0,
                    1.3087820605051093e-08,
                    1.7209019986808016e-08
                ],
                [
                    2.929831488529544e-08,
                    0.999986469745636,
                    1.3448067875287961e-05
                ],
                [
                    2.11891092476435e-05,
                    1.1901976071371223e-09,
                    0.9999788403511047
                ]
            ],
            "std": [
                [
                    0.0,
                    1.2834927787253037e-08,
                    1.6911899436422573e-08
                ],
                [
                    4.193388036810575e-08,
                    2.3537293600384146e-05,
                    2.3495062123402022e-05
                ],
                [
                    2.2144960894365795e-05,
                    2.270501564538563e-09,
                    2.2176745915203355e-05
                ]
            ]
        }
    },
    "FashionMNIST0.6.npz": {
        "test_accuracy": {
            "mean": 79.21111111111112,
            "std": 5.546392443363752
        },
        "predicted_transition_matrix": {
            "mean": [
                [
                    0.6579700112342834,
                    0.08666306734085083,
                    0.2553669214248657
                ],
                [
                    0.0011890518944710493,
                    0.8161742091178894,
                    0.1826367825269699
                ],
                [
                    0.13876692950725555,
                    0.14170540869235992,
                    0.7195276618003845
                ]
            ],
            "std": [
                [
                    0.10596662759780884,
                    0.08128120005130768,
                    0.11896784603595734
                ],
                [
                    0.00206130463629961,
                    0.06549224257469177,
                    0.06373927742242813
                ],
                [
                    0.10060004889965057,
                    0.04550148919224739,
                    0.11449819803237915
                ]
            ]
        }
    },
    "CIFAR.npz": {
        "test_accuracy": {
            "mean": 35.82222222222222,
            "std": 3.5198204219063673
        },
        "predicted_transition_matrix": {
            "mean": [
                [
                    0.356642484664917,
                    0.2878280580043793,
                    0.02219615876674652
                ],
                [
                    0.15858356654644012,
                    0.3472788333892822,
                    0.16080427169799805
                ],
                [
                    0.0,
                    0.0,
                    0.0
                ]
            ],
            "std": [
                [
                    0.2549954354763031,
                    0.2054564505815506,
                    0.01886066608130932
                ],
                [
                    0.17731207609176636,
                    0.24565497040748596,
                    0.18336066603660583
                ],
                [
                    0.0,
                    0.0,
                    0.0
                ]
            ]
        }
    }
}