{
    "FashionMNIST0.6.npz": {
        "test_accuracy": {
            "mean": 73.8777776559194,
            "std": 14.55961906403208
        },
        "predicted_transition_matrix": {
            "mean": [
                [
                    0.46417391300201416,
                    0.23319976528485617,
                    0.30262630184491474
                ],
                [
                    0.24310021102428436,
                    0.46555166443188983,
                    0.2913481444120407
                ],
                [
                    0.3063810169696808,
                    0.2503981292247772,
                    0.4432208240032196
                ]
            ],
            "std": [
                [
                    0.06861798268160188,
                    0.012296279768695198,
                    0.05899268816765902
                ],
                [
                    0.025725807557334276,
                    0.07252918401865453,
                    0.04725891919328735
                ],
                [
                    0.009658525507384826,
                    0.03653242102436132,
                    0.029306443725404304
                ]
            ]
        }
    },
    "CIFAR.npz": {
        "test_accuracy": {
            "mean": 56.37777845064799,
            "std": 1.9524599885420026
        },
        "predicted_transition_matrix": {
            "mean": [
                [
                    0.6614615718523661,
                    0.18867864708105722,
                    0.14985978851715723
                ],
                [
                    0.16584672530492148,
                    0.6598646442095438,
                    0.17428861061731973
                ],
                [
                    0.14303369571765265,
                    0.17396186292171478,
                    0.6830044587453207
                ]
            ],
            "std": [
                [
                    0.041563525970144954,
                    0.052618102700963336,
                    0.032530099146084415
                ],
                [
                    0.0490388558087382,
                    0.0372414527804772,
                    0.03461864927868923
                ],
                [
                    0.04859795755357892,
                    0.024946715090531476,
                    0.04116834047771745
                ]
            ]
        }
    },
    "FashionMNIST0.3.npz": {
        "test_accuracy": {
            "mean": 96.84444467226663,
            "std": 0.06285500007924663
        },
        "predicted_transition_matrix": {
            "mean": [
                [
                    0.9501718680063883,
                    0.028363987803459167,
                    0.021464112525184948
                ],
                [
                    0.02196609042584896,
                    0.9325040578842163,
                    0.045529842376708984
                ],
                [
                    0.03930669277906418,
                    0.015604345438381037,
                    0.9450888633728027
                ]
            ],
            "std": [
                [
                    0.008351274665415055,
                    0.005795891775174561,
                    0.0025580194262159956
                ],
                [
                    0.010978144529531239,
                    0.026542042029230217,
                    0.01559339459407946
                ],
                [
                    0.009522041208564905,
                    0.003239822875595382,
                    0.012245468584509535
                ]
            ]
        }
    }
}