{
    "FashionMNIST0.3.npz": {
        "test_accuracy": {
            "mean": 91.87777777777778,
            "std": 1.8241859337763955
        },
        "predicted_transition_matrix": {
            "mean": [
                [
                    0.7707407407407407,
                    0.21629629629629632,
                    0.012962962962962963
                ],
                [
                    0.00037037037037037035,
                    0.7423196448390676,
                    0.25730998479056194
                ],
                [
                    0.2222222222222222,
                    0.014074074074074074,
                    0.7637037037037038
                ]
            ],
            "std": [
                [
                    0.011086392257107997,
                    0.018907035582370692,
                    0.007821745215534399
                ],
                [
                    0.0005237828008789241,
                    0.004944786355771307,
                    0.005439794778324779
                ],
                [
                    0.0055183942317597575,
                    0.001888525745775105,
                    0.006869347033700514
                ]
            ]
        }
    },
    "FashionMNIST0.6.npz": {
        "test_accuracy": {
            "mean": 75.02222222222223,
            "std": 9.951040642894752
        },
        "predicted_transition_matrix": {
            "mean": [
                [
                    0.42185185185185187,
                    0.30074074074074075,
                    0.2774074074074074
                ],
                [
                    0.2914814814814815,
                    0.4174074074074074,
                    0.2911111111111111
                ],
                [
                    0.27037037037037037,
                    0.257037037037037,
                    0.4725925925925926
                ]
            ],
            "std": [
                [
                    0.024042714617951825,
                    0.010196962887360174,
                    0.01663783514460461
                ],
                [
                    0.005158662324883015,
                    0.022302324766406808,
                    0.02640301766018018
                ],
                [
                    0.025936505777794952,
                    0.025936505777794962,
                    0.025936505777794962
                ]
            ]
        }
    },
    "CIFAR.npz": {
        "test_accuracy": {
            "mean": 52.78888888888889,
            "std": 8.44995434277971
        },
        "predicted_transition_matrix": {
            "mean": [
                [
                    0.4093333333333333,
                    0.29733333333333334,
                    0.29333333333333333
                ],
                [
                    0.29244444444444445,
                    0.3884444444444444,
                    0.3191111111111111
                ],
                [
                    0.28977777777777775,
                    0.28711111111111115,
                    0.42311111111111105
                ]
            ],
            "std": [
                [
                    0.015084944665313,
                    0.02721655269759086,
                    0.01603699426903886
                ],
                [
                    0.03172723252902178,
                    0.024253802043808455,
                    0.04955904322555165
                ],
                [
                    0.05042437192420563,
                    0.04088405768560046,
                    0.01271142190762231
                ]
            ]
        }
    }
}